{"_runtime":10337.05850624,"_wandb":{"runtime":10337},"_step":99,"epoch":100,"metrics_tr":{"loss":0.5099222683594457,"precision":0.786264741478792,"FP":37969,"TP":139676,"absolute_error":0.5099222680327362,"TN":101297,"accuracy":0.7496251454311295,"recall":0.7666417844910863,"f1_score":0.776329282425098,"FN":42516},"metrics_val":{"accuracy":0.7411036761206148,"absolute_error":0.5262350849883402,"TN":11025,"FN":4952,"precision":0.7824214792299898,"FP":4295,"recall":0.7572191989017993,"f1_score":0.769614071804071,"loss":0.5262350849207537,"TP":15445},"_timestamp":1.729263946765201e+09}