{"_runtime":8442.199831977,"_wandb":{"runtime":8442},"_step":72,"epoch":73,"metrics_tr":{"directional_accuracy":0.6320591759252928,"precision":0.7165298773762409,"absolute_error":0.486320930663041,"FP":34953,"f1_score":0.7622247912209263,"recall":0.8141448580906745,"TN":124244,"loss":0.08850594542191231,"TP":88351,"FN":20169},"metrics_val":{"directional_accuracy":0.6215615969174784,"FP":4120,"f1_score":0.7445910695105109,"precision":0.701989150090416,"FN":2538,"TN":13524,"absolute_error":0.4986600875742849,"TP":9705,"recall":0.7926978681695663,"loss":0.1000669261440236},"_timestamp":1.7290264641959853e+09}